{"cameraMode":{"drawMode":0,"name":"Shaded","section":"Shading Mode"},"sceneLighting":true,"audioPlay":false,"sceneViewState":{"showFog":true,"showMaterialUpdate":false,"showSkybox":true,"showFlares":true,"showImageEffects":true,"showParticleSystems":true},"in2DMode":false,"pivot":{"x":0.31630948185920718,"y":0.8915528059005737,"z":-0.04468066990375519},"rotation":{"x":-0.018261590972542764,"y":-0.3505258560180664,"z":0.00683578522875905,"w":-0.9363501071929932},"size":2.7261621952056886,"orthographic":true}