{"cameraMode":{"drawMode":0,"name":"Shaded","section":"Shading Mode"},"sceneLighting":true,"audioPlay":false,"sceneViewState":{"showFog":true,"showMaterialUpdate":false,"showSkybox":true,"showFlares":true,"showImageEffects":true,"showParticleSystems":true},"in2DMode":false,"pivot":{"x":1.9942727088928223,"y":0.9304328560829163,"z":2.611443042755127},"rotation":{"x":-0.07096991688013077,"y":-0.04487110674381256,"z":-0.003195775207132101,"w":0.9964635968208313},"size":1.3607852458953858,"orthographic":false}