{"cameraMode":{"drawMode":0,"name":"Shaded","section":"Shading Mode"},"sceneLighting":true,"audioPlay":false,"sceneViewState":{"showFog":true,"showMaterialUpdate":false,"showSkybox":true,"showFlares":true,"showImageEffects":true,"showParticleSystems":true},"in2DMode":false,"pivot":{"x":0.3148793876171112,"y":2.2296714782714845,"z":-0.008569914847612381},"rotation":{"x":-0.2033899426460266,"y":0.6957475543022156,"z":-0.2163645327091217,"w":-0.6540293097496033},"size":3.8759701251983644,"orthographic":true}