{"cameraMode":{"drawMode":0,"name":"Shaded","section":"Shading Mode"},"sceneLighting":true,"audioPlay":false,"sceneViewState":{"showFog":false,"showMaterialUpdate":false,"showSkybox":false,"showFlares":false,"showImageEffects":false,"showParticleSystems":true},"in2DMode":false,"pivot":{"x":-8.07366943359375,"y":4.315154552459717,"z":-6.143854141235352},"rotation":{"x":0.7155399322509766,"y":-0.0010468433611094952,"z":0.0010744230821728707,"w":0.6985702514648438},"size":33.98103713989258,"orthographic":true}